Ituano-SP=>Ituano
Avaí-SC=>Avaí
Ceará-CE=>Ceará
Paysandu-PA=>Paysandu
Vila Nova-GO=>Vila Nova
Gama-DF=>Gama
Santo André-SP=>Santo André
Portuguesa-SP=>Portuguesa
Remo-PA=>Remo
Coritiba-PR=>Coritiba
Guarani-SP=>Guarani
CRB-AL=>CRB
Náutico-PE=>Náutico
Brasiliense-DF=>Brasiliense
Marília-SP=>Marília
Paulista-SP=>Paulista
Fortaleza-CE=>Fortaleza
Grêmio Barueri-SP=>Grêmio Barueri
Ponte Preta-SP=>Ponte Preta
Criciúma-SC=>Criciúma
São Caetano-SP=>São Caetano
Ipatinga-MG=>Ipatinga
Santa Cruz-PE=>Santa Cruz
Vitória-BA=>Vitória
Bragantino-SP=>Bragantino
Paraná-PR=>Paraná
Bahia-BA=>Bahia
Juventude-RS=>Juventude
Corinthians-SP=>Corinthians
ABC-RN=>ABC
Figueirense-SC=>Figueirense
Vasco-RJ=>Vasco
Duque de Caxias-RJ=>Duque de Caxias
Campinense-PB=>Campinense
ASA-AL=>ASA
Icasa-CE=>Icasa
Guaratinguetá-SP=>Guaratinguetá
Goiás-GO=>Goiás
Salgueiro-PE=>Salgueiro
Oeste-SP=>Oeste
Mogi Mirim-SP=>Mogi Mirim
Macaé-RJ=>Macaé
Luverdense-MT=>Luverdense
Botafogo-RJ=>Botafogo
